output_file,status,detail
top_zq_chunk0.root,OK,ok
top_zq_chunk1.root,OK,ok
top_zq_chunk2.root,OK,ok
top_zq_chunk3.root,OK,ok
top_zq_chunk4.root,OK,ok
ttz_4to50_chunk0.root,OK,ok
ttz_4to50_chunk1.root,OK,ok
ttz_4to50_chunk2.root,OK,ok
ttz_50_chunk0.root,OK,ok
ttz_50_chunk1.root,OK,ok
ttz_50_chunk2.root,OK,ok
ttz_50_chunk3.root,OK,ok
www_chunk0.root,OK,ok
www_chunk1.root,OK,ok
www_chunk2.root,OK,ok
www_chunk3.root,OK,ok
wwz_chunk0.root,OK,ok
wwz_chunk1.root,OK,ok
wwz_chunk2.root,OK,ok
wwz_chunk3.root,OK,ok
wwz_chunk4.root,OK,ok
wwz_chunk5.root,OK,ok
wwz_chunk6.root,OK,ok
wwz_chunk7.root,OK,ok
wwz_chunk8.root,OK,ok
wwz_chunk9.root,OK,ok
wwz_chunk10.root,OK,ok
wwz_chunk11.root,OK,ok
wzz_chunk0.root,OK,ok
wzz_chunk1.root,OK,ok
wzz_chunk2.root,OK,ok
wzz_chunk3.root,OK,ok
wzz_chunk4.root,OK,ok
wzz_chunk5.root,OK,ok
wzz_chunk6.root,OK,ok
wzz_chunk7.root,OK,ok
wzz_chunk8.root,OK,ok
zzz_chunk0.root,OK,ok
zzz_chunk1.root,OK,ok
zzz_chunk2.root,OK,ok
zzz_chunk3.root,OK,ok
zzz_chunk4.root,OK,ok
zzz_chunk5.root,OK,ok
zzz_chunk6.root,OK,ok
zzz_chunk7.root,OK,ok
zzz_chunk8.root,OK,ok
zzz_chunk9.root,OK,ok
zzz_chunk10.root,OK,ok
zzz_chunk11.root,OK,ok
zzz_chunk12.root,OK,ok
zzz_chunk13.root,OK,ok
GluGlu2zto4Tau_chunk0.root,OK,ok
GluGlu2zto4Tau_chunk1.root,OK,ok
GluGlu2zto4Tau_chunk2.root,OK,ok
GluGlu2zto4Mu_chunk0.root,OK,ok
GluGlu2zto4Mu_chunk1.root,OK,ok
GluGlu2zto4Mu_chunk2.root,OK,ok
GluGlu2zto4E_chunk0.root,OK,ok
GluGlu2zto4E_chunk1.root,OK,ok
GluGlu2zto4E_chunk2.root,OK,ok
GluGlu2zto2Mu2Tau_chunk0.root,OK,ok
GluGlu2zto2Mu2Tau_chunk1.root,OK,ok
GluGlu2zto2Mu2Tau_chunk2.root,OK,ok
GluGlu2zto2E2Tau_chunk0.root,OK,ok
GluGlu2zto2E2Tau_chunk1.root,OK,ok
GluGlu2zto2E2Tau_chunk2.root,OK,ok
GluGlu2zto2E2Tau_chunk3.root,OK,ok
GluGlu2zto2E2Mu_chunk0.root,OK,ok
GluGlu2zto2E2Mu_chunk1.root,OK,ok
GluGlu2zto2E2Mu_chunk2.root,OK,ok
GluGlu2zto2E2Mu_chunk3.root,OK,ok
ggh_zz_4l_chunk0.root,OK,ok
ggh_zz_4l_chunk1.root,OK,ok
ggh_zz_4l_chunk2.root,OK,ok
ggh_zz_4l_chunk3.root,OK,ok
ggh_zz_4l_chunk4.root,OK,ok
ggh_zz_4l_chunk5.root,OK,ok
ggh_zz_4l_chunk6.root,OK,ok
ggh_zz_4l_chunk7.root,OK,ok
ggh_zz_4l_chunk8.root,OK,ok
ggh_zz_4l_chunk9.root,OK,ok
ggh_zz_4l_chunk10.root,OK,ok
vbfh_zz_4l_chunk0.root,OK,ok
vbfh_zz_4l_chunk1.root,OK,ok
wmh_zz_4l_chunk0.root,OK,ok
wmh_zz_4l_chunk1.root,OK,ok
wmh_zz_4l_chunk2.root,OK,ok
wmh_zz_4l_chunk3.root,OK,ok
wmh_zz_4l_chunk4.root,OK,ok
wmh_zz_4l_chunk5.root,OK,ok
wph_zz_4l_chunk0.root,OK,ok
wph_zz_4l_chunk1.root,OK,ok
wph_zz_4l_chunk2.root,OK,ok
wph_zz_4l_chunk3.root,OK,ok
wph_zz_4l_chunk4.root,OK,ok
wph_zz_4l_chunk5.root,OK,ok
wph_zz_4l_chunk6.root,OK,ok
tth_non2b_chunk0.root,OK,ok
tth_non2b_chunk1.root,OK,ok
tth_non2b_chunk2.root,OK,ok
tth_non2b_chunk3.root,OK,ok
tth_non2b_chunk4.root,OK,ok
tth_non2b_chunk5.root,OK,ok
tth_non2b_chunk6.root,OK,ok
tth_non2b_chunk7.root,OK,ok
tth_non2b_chunk8.root,OK,ok
tth_non2b_chunk9.root,OK,ok
tth_non2b_chunk10.root,OK,ok
tth_non2b_chunk11.root,OK,ok
tth_non2b_chunk12.root,OK,ok
tth_non2b_chunk13.root,OK,ok
tth_non2b_chunk14.root,OK,ok
tth_non2b_chunk15.root,OK,ok
tth_non2b_chunk16.root,OK,ok
tth_non2b_chunk17.root,OK,ok
tth_non2b_chunk18.root,OK,ok
tth_non2b_chunk19.root,OK,ok
tth_non2b_chunk20.root,OK,ok
tth_non2b_chunk21.root,OK,ok
tth_non2b_chunk22.root,OK,ok
tth_non2b_chunk23.root,OK,ok
tth_non2b_chunk24.root,OK,ok
tth_non2b_chunk25.root,OK,ok
tth_non2b_chunk26.root,OK,ok
tth_non2b_chunk27.root,OK,ok
tth_non2b_chunk28.root,OK,ok
tth_non2b_chunk29.root,OK,ok
tth_non2b_chunk30.root,OK,ok
tth_non2b_chunk31.root,OK,ok
tth_non2b_chunk32.root,OK,ok
tth_non2b_chunk33.root,OK,ok
tth_non2b_chunk34.root,OK,ok
tth_non2b_chunk35.root,OK,ok
ttzz_chunk0.root,OK,ok
ttzz_chunk1.root,OK,ok
ttzz_chunk2.root,OK,ok
ttzz_chunk3.root,OK,ok
ttzz_chunk4.root,OK,ok
ttzz_chunk5.root,OK,ok
ttzz_chunk6.root,OK,ok
ttzz_chunk7.root,OK,ok
ttzz_chunk8.root,OK,ok
ttzz_chunk9.root,OK,ok
ttzz_chunk10.root,OK,ok
ttzz_chunk11.root,OK,ok
ttzz_chunk12.root,OK,ok
ttzz_chunk13.root,OK,ok
ttzz_chunk14.root,OK,ok
ttzz_chunk15.root,OK,ok
ttzz_chunk16.root,OK,ok
ttzz_chunk17.root,OK,ok
ttzz_chunk18.root,OK,ok
ttwh_chunk0.root,OK,ok
ttwh_chunk1.root,OK,ok
ttwh_chunk2.root,OK,ok
ttwh_chunk3.root,OK,ok
ttwh_chunk4.root,OK,ok
ttwh_chunk5.root,OK,ok
ttwh_chunk6.root,OK,ok
ttww_chunk0.root,OK,ok
ttww_chunk1.root,OK,ok
ttww_chunk2.root,OK,ok
ttww_chunk3.root,OK,ok
ttwz_chunk0.root,OK,ok
ttwz_chunk1.root,OK,ok
ttwz_chunk2.root,OK,ok
ttwz_chunk3.root,OK,ok
tttt_chunk0.root,OK,ok
tttt_chunk1.root,OK,ok
tttt_chunk2.root,OK,ok
tttt_chunk3.root,OK,ok
tttt_chunk4.root,OK,ok
tttt_chunk5.root,OK,ok
tttt_chunk6.root,OK,ok
tbarWplus_2l2nu_chunk0.root,OK,ok
tbarWplus_2l2nu_chunk1.root,OK,ok
tbarWplus_2l2nu_chunk2.root,OK,ok
tbarWplus_2l2nu_chunk3.root,OK,ok
tbarWplus_2l2nu_chunk4.root,OK,ok
tbarWplus_2l2nu_chunk5.root,MISSING,
tWminus_2l2nu_chunk0.root,OK,ok
tWminus_2l2nu_chunk1.root,OK,ok
tWminus_2l2nu_chunk2.root,OK,ok
tWminus_2l2nu_chunk3.root,OK,ok
tWminus_2l2nu_chunk4.root,OK,ok
tWminus_2l2nu_chunk5.root,OK,ok
tWminus_2l2nu_chunk6.root,OK,ok
tWminus_2l2nu_chunk7.root,OK,ok
tWminus_2l2nu_chunk8.root,OK,ok
tWminus_2l2nu_chunk9.root,OK,ok
tWminus_2l2nu_chunk10.root,OK,ok
tWminus_2l2nu_chunk11.root,OK,ok
tbarb_lmin_chunk0.root,OK,ok
tbarb_lmin_chunk1.root,OK,ok
tbarb_lmin_chunk2.root,OK,ok
tbarb_lmin_chunk3.root,OK,ok
tbarb_lmin_chunk4.root,OK,ok
tbbar_lplus_chunk0.root,OK,ok
tbbar_lplus_chunk1.root,OK,ok
tbbar_lplus_chunk2.root,OK,ok
tbbar_lplus_chunk3.root,OK,ok
tbbar_lplus_chunk4.root,OK,ok
tbbar_lplus_chunk5.root,OK,ok
tbbar_lplus_chunk6.root,OK,ok
DYto2Tau-2Jets_M2L10-50_chunk0.root,OK,ok
DYto2Tau-2Jets_M2L10-50_chunk1.root,OK,ok
DYto2Tau-2Jets_M2L10-50_chunk2.root,OK,ok
DYto2Tau-2Jets_M2L10-50_chunk3.root,OK,ok
DYto2Tau-2Jets_M2L10-50_chunk4.root,OK,ok
DYto2Tau-2Jets_M2L10-50_chunk5.root,OK,ok
DYto2Tau-2Jets_M2L10-50_chunk6.root,OK,ok
DYto2Tau-2Jets_M2L10-50_chunk7.root,OK,ok
DYto2Tau-2Jets_M2L10-50_chunk8.root,OK,ok
DYto2Tau-2Jets_M2L10-50_chunk9.root,OK,ok
DYto2Tau-2Jets_M2L10-50_chunk10.root,OK,ok
DYto2Tau-2Jets_M2L10-50_chunk11.root,OK,ok
DYto2Tau-2Jets_M2L10-50_chunk12.root,OK,ok
DYto2Tau-2Jets_M2L10-50_chunk13.root,OK,ok
DYto2Tau-2Jets_M2L10-50_chunk14.root,OK,ok
DYto2Tau-2Jets_M2L10-50_chunk15.root,OK,ok
DYto2Tau-2Jets_M2L10-50_chunk16.root,OK,ok
DYto2Tau-2Jets_M2L10-50_chunk17.root,OK,ok
DYto2Tau-2Jets_M2L10-50_chunk18.root,OK,ok
DYto2Tau-2Jets_M2L10-50_chunk19.root,OK,ok
DYto2Tau-2Jets_M2L10-50_chunk20.root,OK,ok
DYto2Tau-2Jets_M2L10-50_chunk21.root,OK,ok
DYto2Tau-2Jets_M2L10-50_chunk22.root,OK,ok
DYto2Tau-2Jets_M2L10-50_chunk23.root,OK,ok
DYto2Tau-2Jets_M2L10-50_chunk24.root,OK,ok
DYto2Tau-2Jets_M2L10-50_chunk25.root,OK,ok
DYto2Tau-2Jets_M2L10-50_chunk26.root,OK,ok
DYto2Tau-2Jets_M2L10-50_chunk27.root,OK,ok
DYto2Tau-2Jets_M2L10-50_chunk28.root,OK,ok
DYto2Tau-2Jets_M2L10-50_chunk29.root,OK,ok
DYto2Tau-2Jets_M2L10-50_chunk30.root,OK,ok
DYto2Tau-2Jets_M2L10-50_chunk31.root,OK,ok
DYto2Tau-2Jets_M2L10-50_chunk32.root,OK,ok
DYto2Tau-2Jets_M2L10-50_chunk33.root,OK,ok
DYto2Tau-2Jets_M2L10-50_chunk34.root,OK,ok
DYto2Tau-2Jets_M2L10-50_chunk35.root,OK,ok
DYto2Tau-2Jets_M2L10-50_chunk36.root,OK,ok
DYto2Tau-2Jets_M2L10-50_chunk37.root,OK,ok
DYto2Tau-2Jets_M2L10-50_chunk38.root,OK,ok
DYto2Tau-2Jets_M2L10-50_chunk39.root,OK,ok
DYto2Tau-2Jets_M2L10-50_chunk40.root,OK,ok
DYto2Tau-2Jets_M2L10-50_chunk41.root,OK,ok
DYto2Tau-2Jets_M2L10-50_chunk42.root,OK,ok
DYto2Tau-2Jets_M2L10-50_chunk43.root,OK,ok
DYto2Tau-2Jets_M2L10-50_chunk44.root,OK,ok
DYto2Tau-2Jets_M2L10-50_chunk45.root,OK,ok
DYto2Tau-2Jets_M2L10-50_chunk46.root,OK,ok
DYto2Tau-2Jets_M2L10-50_chunk47.root,OK,ok
DYto2Mu-2Jets_M2L-10to50_chunk0.root,OK,ok
DYto2Mu-2Jets_M2L-10to50_chunk1.root,OK,ok
DYto2Mu-2Jets_M2L-10to50_chunk2.root,OK,ok
DYto2Mu-2Jets_M2L-10to50_chunk3.root,OK,ok
DYto2Mu-2Jets_M2L-10to50_chunk4.root,OK,ok
DYto2Mu-2Jets_M2L-10to50_chunk5.root,OK,ok
DYto2Mu-2Jets_M2L-10to50_chunk6.root,OK,ok
DYto2Mu-2Jets_M2L-10to50_chunk7.root,OK,ok
DYto2Mu-2Jets_M2L-10to50_chunk8.root,OK,ok
DYto2Mu-2Jets_M2L-10to50_chunk9.root,OK,ok
DYto2Mu-2Jets_M2L-10to50_chunk10.root,OK,ok
DYto2Mu-2Jets_M2L-10to50_chunk11.root,OK,ok
DYto2Mu-2Jets_M2L-10to50_chunk12.root,OK,ok
DYto2Mu-2Jets_M2L-10to50_chunk13.root,OK,ok
DYto2Mu-2Jets_M2L-10to50_chunk14.root,OK,ok
DYto2Mu-2Jets_M2L-10to50_chunk15.root,OK,ok
DYto2Mu-2Jets_M2L-10to50_chunk16.root,OK,ok
DYto2Mu-2Jets_M2L-10to50_chunk17.root,OK,ok
DYto2Mu-2Jets_M2L-10to50_chunk18.root,OK,ok
DYto2Mu-2Jets_M2L-10to50_chunk19.root,OK,ok
DYto2Mu-2Jets_M2L-10to50_chunk20.root,OK,ok
DYto2Mu-2Jets_M2L-10to50_chunk21.root,OK,ok
DYto2Mu-2Jets_M2L-10to50_chunk22.root,OK,ok
DYto2Mu-2Jets_M2L-10to50_chunk23.root,OK,ok
DYto2Mu-2Jets_M2L-10to50_chunk24.root,OK,ok
DYto2Mu-2Jets_M2L-10to50_chunk25.root,OK,ok
DYto2Mu-2Jets_M2L-10to50_chunk26.root,OK,ok
DYto2Mu-2Jets_M2L-10to50_chunk27.root,OK,ok
DYto2Mu-2Jets_M2L-10to50_chunk28.root,OK,ok
DYto2Mu-2Jets_M2L-10to50_chunk29.root,OK,ok
DYto2Mu-2Jets_M2L-10to50_chunk30.root,OK,ok
DYto2Mu-2Jets_M2L-10to50_chunk31.root,OK,ok
DYto2Mu-2Jets_M2L-10to50_chunk32.root,OK,ok
DYto2Mu-2Jets_M2L-10to50_chunk33.root,OK,ok
DYto2Mu-2Jets_M2L-10to50_chunk34.root,OK,ok
DYto2Mu-2Jets_M2L-10to50_chunk35.root,OK,ok
DYto2Mu-2Jets_M2L-10to50_chunk36.root,OK,ok
DYto2Mu-2Jets_M2L-10to50_chunk37.root,OK,ok
DYto2Mu-2Jets_M2L-10to50_chunk38.root,OK,ok
DYto2Mu-2Jets_M2L-10to50_chunk39.root,OK,ok
DYto2Mu-2Jets_M2L-10to50_chunk40.root,OK,ok
DYto2Mu-2Jets_M2L-10to50_chunk41.root,OK,ok
DYto2Mu-2Jets_M2L-10to50_chunk42.root,OK,ok
DYto2Mu-2Jets_M2L-10to50_chunk43.root,OK,ok
DYto2Mu-2Jets_M2L-10to50_chunk44.root,OK,ok
DYto2Mu-2Jets_M2L-10to50_chunk45.root,OK,ok
DYto2Mu-2Jets_M2L-10to50_chunk46.root,OK,ok
DYto2Mu-2Jets_M2L-10to50_chunk47.root,OK,ok
DYto2Mu-2Jets_M2L-10to50_chunk48.root,OK,ok
DYto2Mu-2Jets_M2L-10to50_chunk49.root,OK,ok
DYto2Mu-2Jets_M2L-10to50_chunk50.root,OK,ok
DYto2Mu-2Jets_M2L-10to50_chunk51.root,OK,ok
DYto2Mu-2Jets_M2L-10to50_chunk52.root,OK,ok
DYto2Mu-2Jets_M2L-10to50_chunk53.root,OK,ok
DYto2Mu-2Jets_M2L-10to50_chunk54.root,OK,ok
DYto2Mu-2Jets_M2L-10to50_chunk55.root,OK,ok
DYto2Mu-2Jets_M2L-10to50_chunk56.root,OK,ok
DYto2Mu-2Jets_M2L-10to50_chunk57.root,OK,ok
DYto2Mu-2Jets_M2L-10to50_chunk58.root,OK,ok
DYto2Mu-2Jets_M2L-10to50_chunk59.root,OK,ok
DYto2Mu-2Jets_M2L-10to50_chunk60.root,OK,ok
DYto2Mu-2Jets_M2L-10to50_chunk61.root,OK,ok
DYto2Mu-2Jets_M2L-10to50_chunk62.root,OK,ok
DYto2Mu-2Jets_M2L-10to50_chunk63.root,OK,ok
DYto2Mu-2Jets_M2L-10to50_chunk64.root,OK,ok
DYto2Mu-2Jets_M2L-10to50_chunk65.root,OK,ok
DYto2Mu-2Jets_M2L-10to50_chunk66.root,OK,ok
DYto2Mu-2Jets_M2L-10to50_chunk67.root,OK,ok
DYto2E-2Jets_M2L-10to50_chunk0.root,OK,ok
DYto2E-2Jets_M2L-10to50_chunk1.root,OK,ok
DYto2E-2Jets_M2L-10to50_chunk2.root,OK,ok
DYto2E-2Jets_M2L-10to50_chunk3.root,OK,ok
DYto2E-2Jets_M2L-10to50_chunk4.root,OK,ok
DYto2E-2Jets_M2L-10to50_chunk5.root,OK,ok
DYto2E-2Jets_M2L-10to50_chunk6.root,OK,ok
DYto2E-2Jets_M2L-10to50_chunk7.root,OK,ok
DYto2E-2Jets_M2L-10to50_chunk8.root,OK,ok
DYto2E-2Jets_M2L-10to50_chunk9.root,OK,ok
DYto2E-2Jets_M2L-10to50_chunk10.root,OK,ok
DYto2E-2Jets_M2L-10to50_chunk11.root,OK,ok
DYto2E-2Jets_M2L-10to50_chunk12.root,OK,ok
DYto2E-2Jets_M2L-10to50_chunk13.root,OK,ok
DYto2E-2Jets_M2L-10to50_chunk14.root,OK,ok
DYto2E-2Jets_M2L-10to50_chunk15.root,OK,ok
DYto2E-2Jets_M2L-10to50_chunk16.root,OK,ok
DYto2E-2Jets_M2L-10to50_chunk17.root,OK,ok
DYto2E-2Jets_M2L-10to50_chunk18.root,OK,ok
DYto2E-2Jets_M2L-10to50_chunk19.root,OK,ok
DYto2E-2Jets_M2L-10to50_chunk20.root,OK,ok
DYto2E-2Jets_M2L-10to50_chunk21.root,OK,ok
DYto2E-2Jets_M2L-10to50_chunk22.root,OK,ok
DYto2E-2Jets_M2L-10to50_chunk23.root,OK,ok
DYto2E-2Jets_M2L-10to50_chunk24.root,OK,ok
DYto2E-2Jets_M2L-10to50_chunk25.root,OK,ok
DYto2E-2Jets_M2L-10to50_chunk26.root,OK,ok
DYto2E-2Jets_M2L-10to50_chunk27.root,OK,ok
DYto2E-2Jets_M2L-10to50_chunk28.root,OK,ok
DYto2E-2Jets_M2L-10to50_chunk29.root,OK,ok
DYto2E-2Jets_M2L-10to50_chunk30.root,OK,ok
DYto2E-2Jets_M2L-10to50_chunk31.root,OK,ok
DYto2E-2Jets_M2L-10to50_chunk32.root,OK,ok
DYto2E-2Jets_M2L-10to50_chunk33.root,OK,ok
DYto2E-2Jets_M2L-10to50_chunk34.root,OK,ok
DYto2E-2Jets_M2L-10to50_chunk35.root,OK,ok
DYto2E-2Jets_M2L-10to50_chunk36.root,OK,ok
DYto2E-2Jets_M2L-10to50_chunk37.root,OK,ok
DYto2E-2Jets_M2L-10to50_chunk38.root,OK,ok
DYto2E-2Jets_M2L-10to50_chunk39.root,OK,ok
DYto2E-2Jets_M2L-10to50_chunk40.root,OK,ok
DYto2E-2Jets_M2L-10to50_chunk41.root,OK,ok
DYto2E-2Jets_M2L-10to50_chunk42.root,OK,ok
DYto2E-2Jets_M2L-10to50_chunk43.root,OK,ok
DYto2E-2Jets_M2L-10to50_chunk44.root,OK,ok
DYto2E-2Jets_M2L-10to50_chunk45.root,OK,ok
DYto2E-2Jets_M2L-10to50_chunk46.root,OK,ok
tgqb_chunk0.root,OK,ok
tgqb_chunk1.root,OK,ok
tgqb_chunk2.root,OK,ok
tgqb_chunk3.root,OK,ok
tgqb_chunk4.root,OK,ok
tgqb_chunk5.root,OK,ok
tgqb_chunk6.root,OK,ok
tgqb_chunk7.root,OK,ok
tgqb_chunk8.root,OK,ok
tgqb_chunk9.root,OK,ok
wz_chunk0.root,OK,ok
wz_chunk1.root,OK,ok
wz_chunk2.root,OK,ok
wz_chunk3.root,OK,ok
wz_chunk4.root,OK,ok
wz_chunk5.root,OK,ok
wz_chunk6.root,OK,ok
wz_chunk7.root,OK,ok
wz_chunk8.root,OK,ok
wz_chunk9.root,OK,ok
wz_chunk10.root,OK,ok
wz_chunk11.root,OK,ok
wz_chunk12.root,OK,ok
wz_chunk13.root,OK,ok
wz_chunk14.root,OK,ok
wz_chunk15.root,OK,ok
wz_chunk16.root,OK,ok
wz_chunk17.root,OK,ok
wz_chunk18.root,OK,ok
wz_chunk19.root,OK,ok
zz_chunk0.root,OK,ok
zz_chunk1.root,OK,ok
zz_chunk2.root,OK,ok
zz_chunk3.root,OK,ok
zz_chunk4.root,OK,ok
zz_chunk5.root,OK,ok
zz_chunk6.root,OK,ok
zz_chunk7.root,OK,ok
zz_chunk8.root,OK,ok
zz_chunk9.root,OK,ok
zz_chunk10.root,OK,ok
zz_chunk11.root,OK,ok
zz_chunk12.root,OK,ok
zz_chunk13.root,OK,ok
zz_chunk14.root,OK,ok
zz_chunk15.root,OK,ok
zz_chunk16.root,OK,ok
zz_chunk17.root,OK,ok
zz_chunk18.root,OK,ok
ttbar_dilepton_chunk0.root,OK,ok
ttbar_dilepton_chunk1.root,OK,ok
ttbar_dilepton_chunk2.root,OK,ok
ttbar_dilepton_chunk3.root,OK,ok
ttbar_dilepton_chunk4.root,OK,ok
ttbar_dilepton_chunk5.root,OK,ok
ttbar_dilepton_chunk6.root,OK,ok
ttbar_dilepton_chunk7.root,OK,ok
ttbar_dilepton_chunk8.root,OK,ok
ttbar_dilepton_chunk9.root,OK,ok
ttbar_dilepton_chunk10.root,OK,ok
ttbar_dilepton_chunk11.root,OK,ok
ttbar_dilepton_chunk12.root,OK,ok
ttbar_dilepton_chunk13.root,OK,ok
ttbar_dilepton_chunk14.root,OK,ok
ttbar_dilepton_chunk15.root,OK,ok
ttbar_dilepton_chunk16.root,OK,ok
ttbar_dilepton_chunk17.root,OK,ok
ttbar_dilepton_chunk18.root,OK,ok
ttbar_dilepton_chunk19.root,OK,ok
ttbar_dilepton_chunk20.root,OK,ok
ttbar_dilepton_chunk21.root,OK,ok
ttbar_dilepton_chunk22.root,OK,ok
ttbar_dilepton_chunk23.root,OK,ok
ttbar_dilepton_chunk24.root,OK,ok
ttbar_dilepton_chunk25.root,OK,ok
ttbar_dilepton_chunk26.root,OK,ok
ttbar_dilepton_chunk27.root,OK,ok
ttbar_dilepton_chunk28.root,OK,ok
ttbar_dilepton_chunk29.root,OK,ok
ttbar_dilepton_chunk30.root,OK,ok
ttbar_dilepton_chunk31.root,OK,ok
ttbar_dilepton_chunk32.root,OK,ok
ttbar_dilepton_chunk33.root,OK,ok
ttbar_dilepton_chunk34.root,OK,ok
ttbar_dilepton_chunk35.root,OK,ok
ttbar_dilepton_chunk36.root,OK,ok
ttbar_dilepton_chunk37.root,OK,ok
ttbar_dilepton_chunk38.root,OK,ok
ttbar_dilepton_chunk39.root,OK,ok
ttbar_dilepton_chunk40.root,OK,ok
ttbar_dilepton_chunk41.root,OK,ok
ttbar_dilepton_chunk42.root,OK,ok
ttbar_dilepton_chunk43.root,OK,ok
ttbar_dilepton_chunk44.root,OK,ok
ttbar_dilepton_chunk45.root,OK,ok
ttbar_dilepton_chunk46.root,OK,ok
ttbar_dilepton_chunk47.root,OK,ok
ttbar_dilepton_chunk48.root,OK,ok
ttbar_dilepton_chunk49.root,OK,ok
ttbar_dilepton_chunk50.root,OK,ok
ttbar_dilepton_chunk51.root,OK,ok
ttbar_semilep_chunk0.root,OK,ok
ttbar_semilep_chunk1.root,OK,ok
ttbar_semilep_chunk2.root,OK,ok
ttbar_semilep_chunk3.root,OK,ok
ttbar_semilep_chunk4.root,OK,ok
ttbar_semilep_chunk5.root,OK,ok
ttbar_semilep_chunk6.root,OK,ok
ttbar_semilep_chunk7.root,OK,ok
ttbar_semilep_chunk8.root,OK,ok
ttbar_semilep_chunk9.root,OK,ok
ttbar_semilep_chunk10.root,OK,ok
ttbar_semilep_chunk11.root,OK,ok
ttbar_semilep_chunk12.root,OK,ok
ttbar_semilep_chunk13.root,OK,ok
ttbar_semilep_chunk14.root,OK,ok
ttbar_semilep_chunk15.root,OK,ok
ttbar_semilep_chunk16.root,OK,ok
ttbar_semilep_chunk17.root,OK,ok
ttbar_semilep_chunk18.root,OK,ok
ttbar_semilep_chunk19.root,OK,ok
ttbar_semilep_chunk20.root,OK,ok
ttbar_semilep_chunk21.root,OK,ok
ttbar_semilep_chunk22.root,OK,ok
ttbar_semilep_chunk23.root,OK,ok
ttbar_semilep_chunk24.root,OK,ok
ttbar_semilep_chunk25.root,OK,ok
ttbar_semilep_chunk26.root,OK,ok
ttbar_semilep_chunk27.root,OK,ok
ttbar_semilep_chunk28.root,OK,ok
ttbar_semilep_chunk29.root,OK,ok
ttbar_semilep_chunk30.root,OK,ok
ttbar_semilep_chunk31.root,OK,ok
ttbar_semilep_chunk32.root,OK,ok
ttbar_semilep_chunk33.root,OK,ok
ttbar_semilep_chunk34.root,OK,ok
ttbar_semilep_chunk35.root,OK,ok
ttbar_semilep_chunk36.root,OK,ok
ttbar_semilep_chunk37.root,OK,ok
ttbar_semilep_chunk38.root,OK,ok
ttbar_semilep_chunk39.root,OK,ok
ttbar_semilep_chunk40.root,OK,ok
ttbar_semilep_chunk41.root,OK,ok
ttbar_semilep_chunk42.root,OK,ok
ttbar_semilep_chunk43.root,OK,ok
ttbar_semilep_chunk44.root,OK,ok
ttbar_semilep_chunk45.root,OK,ok
ttbar_semilep_chunk46.root,OK,ok
ttbar_semilep_chunk47.root,OK,ok
ttbar_semilep_chunk48.root,OK,ok
ttbar_semilep_chunk49.root,OK,ok
ttbar_semilep_chunk50.root,OK,ok
ttbar_semilep_chunk51.root,OK,ok
ttbar_semilep_chunk52.root,OK,ok
wg_1jet_chunk0.root,OK,ok
wg_1jet_chunk1.root,OK,ok
wg_1jet_chunk2.root,OK,ok
wg_1jet_chunk3.root,OK,ok
wg_1jet_chunk4.root,OK,ok
wg_1jet_chunk5.root,OK,ok
wg_1jet_chunk6.root,OK,ok
wg_1jet_chunk7.root,OK,ok
wg_1jet_chunk8.root,OK,ok
wg_1jet_chunk9.root,OK,ok
wg_1jet_chunk10.root,OK,ok
wg_1jet_chunk11.root,OK,ok
wg_1jet_chunk12.root,OK,ok
wg_1jet_chunk13.root,OK,ok
wg_1jet_chunk14.root,OK,ok
wg_1jet_chunk15.root,OK,ok
wg_1jet_chunk16.root,OK,ok
wg_1jet_chunk17.root,OK,ok
wg_1jet_chunk18.root,OK,ok
wg_1jet_chunk19.root,OK,ok
wg_1jet_chunk20.root,OK,ok
wg_1jet_chunk21.root,OK,ok
wg_1jet_chunk22.root,OK,ok
wg_1jet_chunk23.root,OK,ok
wg_1jet_chunk24.root,OK,ok
wg_1jet_chunk25.root,OK,ok
wg_1jet_chunk26.root,OK,ok
wg_1jet_chunk27.root,OK,ok
wg_1jet_chunk28.root,OK,ok
wg_1jet_chunk29.root,OK,ok
wg_1jet_chunk30.root,OK,ok
wg_1jet_chunk31.root,OK,ok
wg_1jet_chunk32.root,OK,ok
wg_1jet_chunk33.root,OK,ok
wg_1jet_chunk34.root,OK,ok
wg_1jet_chunk35.root,OK,ok
wg_1jet_chunk36.root,OK,ok
wg_1jet_chunk37.root,OK,ok
wg_1jet_chunk38.root,OK,ok
wg_1jet_chunk39.root,OK,ok
wg_1jet_chunk40.root,OK,ok
wg_1jet_chunk41.root,OK,ok
wg_1jet_chunk42.root,OK,ok
wg_1jet_chunk43.root,OK,ok
wg_1jet_chunk44.root,OK,ok
wg_1jet_chunk45.root,OK,ok
wg_1jet_chunk46.root,OK,ok
wg_1jet_chunk47.root,OK,ok
wg_1jet_chunk48.root,OK,ok
wg_1jet_chunk49.root,OK,ok
wg_1jet_chunk50.root,OK,ok
wg_1jet_chunk51.root,OK,ok
wg_1jet_chunk52.root,OK,ok
wg_1jet_chunk53.root,OK,ok
wg_1jet_chunk54.root,OK,ok
wg_1jet_chunk55.root,OK,ok
wg_1jet_chunk56.root,OK,ok
wg_1jet_chunk57.root,OK,ok
wg_1jet_chunk58.root,OK,ok
wg_1jet_chunk59.root,OK,ok
wg_1jet_chunk60.root,OK,ok
wg_1jet_chunk61.root,OK,ok
wg_1jet_chunk62.root,OK,ok
wg_1jet_chunk63.root,OK,ok
wg_1jet_chunk64.root,OK,ok
wg_1jet_chunk65.root,OK,ok
wg_1jet_chunk66.root,OK,ok
wg_1jet_chunk67.root,OK,ok
wg_1jet_chunk68.root,OK,ok
wg_1jet_chunk69.root,OK,ok
wg_1jet_chunk70.root,OK,ok
wg_1jet_chunk71.root,OK,ok
wg_1jet_chunk72.root,OK,ok
wg_1jet_chunk73.root,OK,ok
wg_1jet_chunk74.root,OK,ok
wg_1jet_chunk75.root,OK,ok
wg_1jet_chunk76.root,OK,ok
wg_1jet_chunk77.root,OK,ok
wg_1jet_chunk78.root,OK,ok
wg_1jet_chunk79.root,OK,ok
wg_1jet_chunk80.root,OK,ok
wg_1jet_chunk81.root,OK,ok
wg_1jet_chunk82.root,OK,ok
wg_1jet_chunk83.root,OK,ok
wg_1jet_chunk84.root,OK,ok
wg_1jet_chunk85.root,OK,ok
wg_1jet_chunk86.root,OK,ok
wg_1jet_chunk87.root,OK,ok
wg_1jet_chunk88.root,OK,ok
wg_1jet_chunk89.root,OK,ok
wg_1jet_chunk90.root,OK,ok
wg_1jet_chunk91.root,OK,ok
wg_1jet_chunk92.root,OK,ok
wg_1jet_chunk93.root,OK,ok
wg_1jet_chunk94.root,OK,ok
wg_1jet_chunk95.root,OK,ok
wg_1jet_chunk96.root,OK,ok
wg_1jet_chunk97.root,OK,ok
wg_1jet_chunk98.root,OK,ok
wg_1jet_chunk99.root,OK,ok
wg_1jet_chunk100.root,OK,ok
wg_1jet_chunk101.root,OK,ok
wg_1jet_chunk102.root,OK,ok
wg_1jet_chunk103.root,OK,ok
wg_1jet_chunk104.root,OK,ok
wg_1jet_chunk105.root,OK,ok
wg_1jet_chunk106.root,OK,ok
wg_1jet_chunk107.root,OK,ok
wg_1jet_chunk108.root,OK,ok
wg_1jet_chunk109.root,OK,ok
wg_1jet_chunk110.root,OK,ok
wg_1jet_chunk111.root,OK,ok
wg_1jet_chunk112.root,OK,ok
wg_1jet_chunk113.root,OK,ok
wg_1jet_chunk114.root,OK,ok
wg_1jet_chunk115.root,OK,ok
wg_1jet_chunk116.root,OK,ok
wg_1jet_chunk117.root,OK,ok
wg_1jet_chunk118.root,OK,ok
wg_1jet_chunk119.root,OK,ok
wg_1jet_chunk120.root,OK,ok
wg_1jet_chunk121.root,OK,ok
wg_1jet_chunk122.root,OK,ok
wg_1jet_chunk123.root,OK,ok
wg_1jet_chunk124.root,OK,ok
wg_1jet_chunk125.root,OK,ok
wg_1jet_chunk126.root,OK,ok
wg_1jet_chunk127.root,OK,ok
wg_1jet_chunk128.root,OK,ok
wg_1jet_chunk129.root,OK,ok
wg_1jet_chunk130.root,OK,ok
wg_1jet_chunk131.root,OK,ok
wg_1jet_chunk132.root,OK,ok
wg_1jet_chunk133.root,OK,ok
wg_1jet_chunk134.root,OK,ok
wg_1jet_chunk135.root,OK,ok
wg_1jet_chunk136.root,OK,ok
wg_1jet_chunk137.root,OK,ok
wg_1jet_chunk138.root,OK,ok
wg_1jet_chunk139.root,OK,ok
wg_1jet_chunk140.root,OK,ok
wg_1jet_chunk141.root,OK,ok
wg_1jet_chunk142.root,OK,ok
wg_1jet_chunk143.root,OK,ok
wg_1jet_chunk144.root,OK,ok
wg_1jet_chunk145.root,OK,ok
wg_1jet_chunk146.root,OK,ok
wg_1jet_chunk147.root,OK,ok
wg_1jet_chunk148.root,OK,ok
wg_1jet_chunk149.root,OK,ok
wg_1jet_chunk150.root,OK,ok
wg_1jet_chunk151.root,OK,ok
wg_1jet_chunk152.root,OK,ok
wg_1jet_chunk153.root,OK,ok
wg_1jet_chunk154.root,OK,ok
wg_1jet_chunk155.root,OK,ok
wg_1jet_chunk156.root,OK,ok
wg_1jet_chunk157.root,OK,ok
wg_1jet_chunk158.root,OK,ok
wg_1jet_chunk159.root,OK,ok
wg_1jet_chunk160.root,OK,ok
wg_1jet_chunk161.root,OK,ok
DYto_2Mu2Jet_chunk0.root,OK,ok
DYto_2Mu2Jet_chunk1.root,OK,ok
DYto_2Mu2Jet_chunk2.root,OK,ok
DYto_2Mu2Jet_chunk3.root,OK,ok
DYto_2Mu2Jet_chunk4.root,OK,ok
DYto_2Mu2Jet_chunk5.root,OK,ok
DYto_2Mu2Jet_chunk6.root,OK,ok
DYto_2Mu2Jet_chunk7.root,OK,ok
DYto_2Mu2Jet_chunk8.root,OK,ok
DYto_2Mu2Jet_chunk9.root,OK,ok
DYto_2Mu2Jet_chunk10.root,OK,ok
DYto_2Mu2Jet_chunk11.root,OK,ok
DYto_2Mu2Jet_chunk12.root,OK,ok
DYto_2Mu2Jet_chunk13.root,OK,ok
DYto_2Mu2Jet_chunk14.root,OK,ok
DYto_2Mu2Jet_chunk15.root,OK,ok
DYto_2Mu2Jet_chunk16.root,OK,ok
DYto_2Mu2Jet_chunk17.root,OK,ok
DYto_2Mu2Jet_chunk18.root,OK,ok
DYto_2Mu2Jet_chunk19.root,OK,ok
DYto_2Mu2Jet_chunk20.root,OK,ok
DYto_2Mu2Jet_chunk21.root,OK,ok
DYto_2Mu2Jet_chunk22.root,OK,ok
DYto_2Mu2Jet_chunk23.root,OK,ok
DYto_2Mu2Jet_chunk24.root,OK,ok
DYto_2Mu2Jet_chunk25.root,OK,ok
DYto_2Mu2Jet_chunk26.root,OK,ok
DYto_2Mu2Jet_chunk27.root,OK,ok
DYto_2Mu2Jet_chunk28.root,OK,ok
DYto_2Mu2Jet_chunk29.root,OK,ok
DYto_2Mu2Jet_chunk30.root,OK,ok
DYto_2Mu2Jet_chunk31.root,OK,ok
DYto_2Mu2Jet_chunk32.root,OK,ok
DYto_2Mu2Jet_chunk33.root,OK,ok
DYto_2Mu2Jet_chunk34.root,OK,ok
DYto_2Mu2Jet_chunk35.root,OK,ok
DYto_2Mu2Jet_chunk36.root,OK,ok
DYto_2Mu2Jet_chunk37.root,OK,ok
DYto_2Mu2Jet_chunk38.root,OK,ok
DYto_2Mu2Jet_chunk39.root,OK,ok
DYto_2Mu2Jet_chunk40.root,OK,ok
DYto_2Mu2Jet_chunk41.root,OK,ok
DYto_2Mu2Jet_chunk42.root,OK,ok
DYto_2Mu2Jet_chunk43.root,OK,ok
DYto_2Mu2Jet_chunk44.root,OK,ok
DYto_2Mu2Jet_chunk45.root,OK,ok
DYto_2Mu2Jet_chunk46.root,OK,ok
DYto_2Mu2Jet_chunk47.root,OK,ok
DYto_2Mu2Jet_chunk48.root,OK,ok
DYto_2Mu2Jet_chunk49.root,OK,ok
DYto_2Mu2Jet_chunk50.root,OK,ok
DYto_2Mu2Jet_chunk51.root,OK,ok
DYto_2Mu2Jet_chunk52.root,OK,ok
DYto_2Mu2Jet_chunk53.root,OK,ok
DYto_2Mu2Jet_chunk54.root,OK,ok
DYto_2Mu2Jet_chunk55.root,OK,ok
DYto_2Mu2Jet_chunk56.root,OK,ok
DYto_2Mu2Jet_chunk57.root,OK,ok
DYto_2Mu2Jet_chunk58.root,OK,ok
DYto_2Mu2Jet_chunk59.root,OK,ok
DYto_2Mu2Jet_chunk60.root,OK,ok
DYto_2Mu2Jet_chunk61.root,OK,ok
DYto_2Mu2Jet_chunk62.root,OK,ok
DYto_2Mu2Jet_chunk63.root,OK,ok
DYto_2Mu2Jet_chunk64.root,OK,ok
DYto_2Mu2Jet_chunk65.root,OK,ok
DYto_2Mu2Jet_chunk66.root,OK,ok
DYto_2Mu2Jet_chunk67.root,OK,ok
DYto_2Mu2Jet_chunk68.root,OK,ok
DYto_2Mu2Jet_chunk69.root,OK,ok
DYto_2Mu2Jet_chunk70.root,OK,ok
DYto_2Mu2Jet_chunk71.root,OK,ok
DYto_2Mu2Jet_chunk72.root,OK,ok
DYto_2Mu2Jet_chunk73.root,OK,ok
DYto_2Mu2Jet_chunk74.root,OK,ok
DYto_2Mu2Jet_chunk75.root,OK,ok
DYto_2Mu2Jet_chunk76.root,OK,ok
DYto_2Mu2Jet_chunk77.root,OK,ok
DYto_2Mu2Jet_chunk78.root,OK,ok
DYto_2Mu2Jet_chunk79.root,OK,ok
DYto_2Mu2Jet_chunk80.root,OK,ok
DYto_2Mu2Jet_chunk81.root,OK,ok
DYto_2Mu2Jet_chunk82.root,OK,ok
DYto_2Mu2Jet_chunk83.root,OK,ok
DYto_2Mu2Jet_chunk84.root,OK,ok
DYto_2Mu2Jet_chunk85.root,OK,ok
DYto_2Mu2Jet_chunk86.root,OK,ok
DYto_2Mu2Jet_chunk87.root,OK,ok
DYto_2Mu2Jet_chunk88.root,OK,ok
DYto_2Mu2Jet_chunk89.root,OK,ok
DYto_2Mu2Jet_chunk90.root,OK,ok
DYto_2Mu2Jet_chunk91.root,OK,ok
DYto_2Mu2Jet_chunk92.root,OK,ok
DYto_2Mu2Jet_chunk93.root,OK,ok
DYto_2Mu2Jet_chunk94.root,OK,ok
DYto_2Mu2Jet_chunk95.root,OK,ok
DYto_2Mu2Jet_chunk96.root,OK,ok
DYto_2Mu2Jet_chunk97.root,OK,ok
DYto_2Mu2Jet_chunk98.root,OK,ok
DYto_2Mu2Jet_chunk99.root,OK,ok
DYto_2Mu2Jet_chunk100.root,OK,ok
DYto_2Mu2Jet_chunk101.root,OK,ok
DYto_2Mu2Jet_chunk102.root,OK,ok
DYto_2Mu2Jet_chunk103.root,OK,ok
DYto_2Mu2Jet_chunk104.root,OK,ok
DYto_2Mu2Jet_chunk105.root,OK,ok
DYto_2Mu2Jet_chunk106.root,OK,ok
DYto_2Mu2Jet_chunk107.root,OK,ok
DYto_2Mu2Jet_chunk108.root,OK,ok
DYto_2Mu2Jet_chunk109.root,OK,ok
DYto_2Mu2Jet_chunk110.root,OK,ok
DYto_2Mu2Jet_chunk111.root,OK,ok
DYto_2Mu2Jet_chunk112.root,OK,ok
DYto_2Mu2Jet_chunk113.root,OK,ok
DYto_2Mu2Jet_chunk114.root,OK,ok
DYto_2Mu2Jet_chunk115.root,OK,ok
DYto_2Mu2Jet_chunk116.root,OK,ok
DYto_2Mu2Jet_chunk117.root,OK,ok
DYto_2Mu2Jet_chunk118.root,OK,ok
DYto_2Mu2Jet_chunk119.root,OK,ok
DYto_2Mu2Jet_chunk120.root,OK,ok
DYto_2Mu2Jet_chunk121.root,OK,ok
DYto_2Mu2Jet_chunk122.root,OK,ok
DYto_2Mu2Jet_chunk123.root,OK,ok
DYto_2Mu2Jet_chunk124.root,OK,ok
DYto_2Mu2Jet_chunk125.root,OK,ok
DYto_2Mu2Jet_chunk126.root,OK,ok
DYto_2Mu2Jet_chunk127.root,OK,ok
DYto_2Mu2Jet_chunk128.root,OK,ok
DYto_2Mu2Jet_chunk129.root,OK,ok
DYto_2Mu2Jet_chunk130.root,OK,ok
DYto_2Mu2Jet_chunk131.root,OK,ok
DYto_2Mu2Jet_chunk132.root,OK,ok
DYto_2Mu2Jet_chunk133.root,OK,ok
DYto_2Mu2Jet_chunk134.root,OK,ok
DYto_2Mu2Jet_chunk135.root,OK,ok
DYto_2Mu2Jet_chunk136.root,OK,ok
DYto_2Mu2Jet_chunk137.root,OK,ok
DYto_2Mu2Jet_chunk138.root,OK,ok
DYto_2Mu2Jet_chunk139.root,OK,ok
DYto_2Mu2Jet_chunk140.root,OK,ok
DYto_2Mu2Jet_chunk141.root,OK,ok
DYto_2Mu2Jet_chunk142.root,OK,ok
DYto_2Mu2Jet_chunk143.root,OK,ok
DYto_2Mu2Jet_chunk144.root,OK,ok
DYto_2Mu2Jet_chunk145.root,OK,ok
DYto_2Mu2Jet_chunk146.root,OK,ok
DYto_2Mu2Jet_chunk147.root,OK,ok
DYto_2Mu2Jet_chunk148.root,OK,ok
DYto_2Mu2Jet_chunk149.root,OK,ok
DYto_2Mu2Jet_chunk150.root,OK,ok
DYto_2Mu2Jet_chunk151.root,OK,ok
DYto_2Mu2Jet_chunk152.root,OK,ok
DYto_2Mu2Jet_chunk153.root,OK,ok
DYto_2Mu2Jet_chunk154.root,OK,ok
DYto_2Mu2Jet_chunk155.root,OK,ok
DYto_2Mu2Jet_chunk156.root,OK,ok
DYto_2Mu2Jet_chunk157.root,OK,ok
DYto_2Mu2Jet_chunk158.root,OK,ok
DYto_2Mu2Jet_chunk159.root,OK,ok
DYto_2Mu2Jet_chunk160.root,OK,ok
DYto_2Mu2Jet_chunk161.root,OK,ok
DYto_2Mu2Jet_chunk162.root,OK,ok
DYto_2Mu2Jet_chunk163.root,OK,ok
DYto_2Mu2Jet_chunk164.root,OK,ok
DYto_2Mu2Jet_chunk165.root,OK,ok
DYto_2Mu2Jet_chunk166.root,OK,ok
DYto_2Mu2Jet_chunk167.root,OK,ok
DYto_2Mu2Jet_chunk168.root,OK,ok
DYto_2Mu2Jet_chunk169.root,OK,ok
DYto_2Mu2Jet_chunk170.root,OK,ok
DYto_2Mu2Jet_chunk171.root,OK,ok
DYto_2Mu2Jet_chunk172.root,OK,ok
DYto_2Mu2Jet_chunk173.root,OK,ok
DYto_2Mu2Jet_chunk174.root,OK,ok
DYto_2Mu2Jet_chunk175.root,OK,ok
DYto_2Mu2Jet_chunk176.root,OK,ok
DYto_2Mu2Jet_chunk177.root,OK,ok
DYto_2Mu2Jet_chunk178.root,OK,ok
DYto_2Mu2Jet_chunk179.root,OK,ok
DYto_2Mu2Jet_chunk180.root,OK,ok
DYto_2Mu2Jet_chunk181.root,OK,ok
DYto_2Mu2Jet_chunk182.root,OK,ok
DYto_2Mu2Jet_chunk183.root,OK,ok
DYto_2Mu2Jet_chunk184.root,OK,ok
DYto_2Mu2Jet_chunk185.root,OK,ok
DYto_2Mu2Jet_chunk186.root,OK,ok
DYto_2Mu2Jet_chunk187.root,OK,ok
DYto_2Mu2Jet_chunk188.root,OK,ok
DYto_2Mu2Jet_chunk189.root,OK,ok
DYto_2Mu2Jet_chunk190.root,OK,ok
DYto_2Mu2Jet_chunk191.root,OK,ok
DYto_2Mu2Jet_chunk192.root,OK,ok
DYto_2Mu2Jet_chunk193.root,OK,ok
DYto_2Mu2Jet_chunk194.root,OK,ok
DYto_2Mu2Jet_chunk195.root,OK,ok
DYto_2Mu2Jet_chunk196.root,OK,ok
DYto_2Mu2Jet_chunk197.root,OK,ok
DYto_2Mu2Jet_chunk198.root,OK,ok
DYto_2E2Jet_chunk0.root,OK,ok
DYto_2E2Jet_chunk1.root,OK,ok
DYto_2E2Jet_chunk2.root,OK,ok
DYto_2E2Jet_chunk3.root,OK,ok
DYto_2E2Jet_chunk4.root,OK,ok
DYto_2E2Jet_chunk5.root,OK,ok
DYto_2E2Jet_chunk6.root,OK,ok
DYto_2E2Jet_chunk7.root,OK,ok
DYto_2E2Jet_chunk8.root,OK,ok
DYto_2E2Jet_chunk9.root,OK,ok
DYto_2E2Jet_chunk10.root,OK,ok
DYto_2E2Jet_chunk11.root,OK,ok
DYto_2E2Jet_chunk12.root,OK,ok
DYto_2E2Jet_chunk13.root,OK,ok
DYto_2E2Jet_chunk14.root,OK,ok
DYto_2E2Jet_chunk15.root,OK,ok
DYto_2E2Jet_chunk16.root,OK,ok
DYto_2E2Jet_chunk17.root,OK,ok
DYto_2E2Jet_chunk18.root,OK,ok
DYto_2E2Jet_chunk19.root,OK,ok
DYto_2E2Jet_chunk20.root,OK,ok
DYto_2E2Jet_chunk21.root,OK,ok
DYto_2E2Jet_chunk22.root,OK,ok
DYto_2E2Jet_chunk23.root,OK,ok
DYto_2E2Jet_chunk24.root,OK,ok
DYto_2E2Jet_chunk25.root,OK,ok
DYto_2E2Jet_chunk26.root,OK,ok
DYto_2E2Jet_chunk27.root,OK,ok
DYto_2E2Jet_chunk28.root,OK,ok
DYto_2E2Jet_chunk29.root,OK,ok
DYto_2E2Jet_chunk30.root,OK,ok
DYto_2E2Jet_chunk31.root,OK,ok
DYto_2E2Jet_chunk32.root,OK,ok
DYto_2E2Jet_chunk33.root,OK,ok
DYto_2E2Jet_chunk34.root,OK,ok
DYto_2E2Jet_chunk35.root,OK,ok
DYto_2E2Jet_chunk36.root,OK,ok
DYto_2E2Jet_chunk37.root,OK,ok
DYto_2E2Jet_chunk38.root,OK,ok
DYto_2E2Jet_chunk39.root,OK,ok
DYto_2E2Jet_chunk40.root,OK,ok
DYto_2E2Jet_chunk41.root,OK,ok
DYto_2E2Jet_chunk42.root,OK,ok
DYto_2E2Jet_chunk43.root,OK,ok
DYto_2E2Jet_chunk44.root,OK,ok
DYto_2E2Jet_chunk45.root,OK,ok
DYto_2E2Jet_chunk46.root,OK,ok
DYto_2E2Jet_chunk47.root,OK,ok
DYto_2E2Jet_chunk48.root,OK,ok
DYto_2E2Jet_chunk49.root,OK,ok
DYto_2E2Jet_chunk50.root,OK,ok
DYto_2E2Jet_chunk51.root,OK,ok
DYto_2E2Jet_chunk52.root,OK,ok
DYto_2E2Jet_chunk53.root,OK,ok
DYto_2E2Jet_chunk54.root,OK,ok
DYto_2E2Jet_chunk55.root,OK,ok
DYto_2E2Jet_chunk56.root,OK,ok
DYto_2E2Jet_chunk57.root,OK,ok
DYto_2E2Jet_chunk58.root,OK,ok
DYto_2E2Jet_chunk59.root,OK,ok
DYto_2E2Jet_chunk60.root,OK,ok
DYto_2E2Jet_chunk61.root,OK,ok
DYto_2E2Jet_chunk62.root,OK,ok
DYto_2E2Jet_chunk63.root,OK,ok
DYto_2E2Jet_chunk64.root,OK,ok
DYto_2E2Jet_chunk65.root,OK,ok
DYto_2E2Jet_chunk66.root,OK,ok
DYto_2E2Jet_chunk67.root,OK,ok
DYto_2E2Jet_chunk68.root,OK,ok
DYto_2E2Jet_chunk69.root,OK,ok
DYto_2E2Jet_chunk70.root,OK,ok
DYto_2E2Jet_chunk71.root,OK,ok
DYto_2E2Jet_chunk72.root,OK,ok
DYto_2E2Jet_chunk73.root,OK,ok
DYto_2E2Jet_chunk74.root,OK,ok
DYto_2E2Jet_chunk75.root,OK,ok
DYto_2E2Jet_chunk76.root,OK,ok
DYto_2E2Jet_chunk77.root,OK,ok
DYto_2E2Jet_chunk78.root,OK,ok
DYto_2E2Jet_chunk79.root,OK,ok
DYto_2E2Jet_chunk80.root,OK,ok
DYto_2E2Jet_chunk81.root,OK,ok
DYto_2E2Jet_chunk82.root,OK,ok
DYto_2E2Jet_chunk83.root,OK,ok
DYto_2E2Jet_chunk84.root,OK,ok
DYto_2E2Jet_chunk85.root,OK,ok
DYto_2E2Jet_chunk86.root,OK,ok
DYto_2E2Jet_chunk87.root,OK,ok
DYto_2E2Jet_chunk88.root,OK,ok
DYto_2E2Jet_chunk89.root,OK,ok
DYto_2E2Jet_chunk90.root,OK,ok
DYto_2E2Jet_chunk91.root,OK,ok
DYto_2E2Jet_chunk92.root,OK,ok
DYto_2E2Jet_chunk93.root,OK,ok
DYto_2E2Jet_chunk94.root,OK,ok
DYto_2E2Jet_chunk95.root,OK,ok
DYto_2E2Jet_chunk96.root,OK,ok
DYto_2E2Jet_chunk97.root,OK,ok
DYto_2E2Jet_chunk98.root,OK,ok
DYto_2E2Jet_chunk99.root,OK,ok
DYto_2E2Jet_chunk100.root,OK,ok
DYto_2E2Jet_chunk101.root,OK,ok
DYto_2E2Jet_chunk102.root,OK,ok
DYto_2E2Jet_chunk103.root,OK,ok
DYto_2E2Jet_chunk104.root,OK,ok
DYto_2E2Jet_chunk105.root,OK,ok
DYto_2E2Jet_chunk106.root,OK,ok
DYto_2E2Jet_chunk107.root,OK,ok
DYto_2E2Jet_chunk108.root,OK,ok
DYto_2E2Jet_chunk109.root,OK,ok
DYto_2E2Jet_chunk110.root,OK,ok
DYto_2E2Jet_chunk111.root,OK,ok
DYto_2E2Jet_chunk112.root,OK,ok
DYto_2E2Jet_chunk113.root,OK,ok
DYto_2E2Jet_chunk114.root,OK,ok
DYto_2E2Jet_chunk115.root,OK,ok
DYto_2E2Jet_chunk116.root,OK,ok
DYto_2E2Jet_chunk117.root,OK,ok
DYto_2E2Jet_chunk118.root,OK,ok
DYto_2E2Jet_chunk119.root,OK,ok
DYto_2E2Jet_chunk120.root,OK,ok
DYto_2E2Jet_chunk121.root,OK,ok
DYto_2E2Jet_chunk122.root,OK,ok
DYto_2E2Jet_chunk123.root,OK,ok
DYto_2E2Jet_chunk124.root,OK,ok
DYto_2E2Jet_chunk125.root,OK,ok
DYto_2E2Jet_chunk126.root,OK,ok
DYto_2E2Jet_chunk127.root,OK,ok
DYto_2E2Jet_chunk128.root,OK,ok
DYto_2E2Jet_chunk129.root,OK,ok
DYto_2E2Jet_chunk130.root,OK,ok
DYto_2E2Jet_chunk131.root,OK,ok
DYto_2E2Jet_chunk132.root,OK,ok
DYto_2E2Jet_chunk133.root,OK,ok
DYto_2E2Jet_chunk134.root,OK,ok
DYto_2E2Jet_chunk135.root,OK,ok
DYto_2E2Jet_chunk136.root,OK,ok
DYto_2E2Jet_chunk137.root,OK,ok
DYto_2E2Jet_chunk138.root,OK,ok
DYto_2E2Jet_chunk139.root,OK,ok
DYto_2E2Jet_chunk140.root,OK,ok
DYto_2E2Jet_chunk141.root,OK,ok
DYto_2E2Jet_chunk142.root,OK,ok
DYto_2E2Jet_chunk143.root,OK,ok
DYto_2E2Jet_chunk144.root,OK,ok
DYto_2E2Jet_chunk145.root,OK,ok
DYto_2E2Jet_chunk146.root,OK,ok
DYto_2E2Jet_chunk147.root,OK,ok
DYto_2E2Jet_chunk148.root,OK,ok
DYto_2E2Jet_chunk149.root,OK,ok
DYto_2E2Jet_chunk150.root,OK,ok
DYto_2E2Jet_chunk151.root,OK,ok
DYto_2E2Jet_chunk152.root,OK,ok
DYto_2E2Jet_chunk153.root,OK,ok
DYto_2E2Jet_chunk154.root,OK,ok
DYto_2E2Jet_chunk155.root,OK,ok
DYto_2E2Jet_chunk156.root,OK,ok
DYto_2E2Jet_chunk157.root,OK,ok
DYto_2E2Jet_chunk158.root,OK,ok
DYto_2E2Jet_chunk159.root,OK,ok
DYto_2E2Jet_chunk160.root,OK,ok
DYto_2E2Jet_chunk161.root,OK,ok
DYto_2E2Jet_chunk162.root,OK,ok
DYto_2E2Jet_chunk163.root,OK,ok
DYto_2E2Jet_chunk164.root,OK,ok
DYto_2E2Jet_chunk165.root,OK,ok
DYto_2E2Jet_chunk166.root,OK,ok
DYto_2E2Jet_chunk167.root,OK,ok
DYto_2E2Jet_chunk168.root,OK,ok
DYto_2E2Jet_chunk169.root,OK,ok
DYto_2E2Jet_chunk170.root,OK,ok
DYto_2E2Jet_chunk171.root,OK,ok
DYto_2E2Jet_chunk172.root,OK,ok
DYto_2E2Jet_chunk173.root,OK,ok
DYto_2E2Jet_chunk174.root,OK,ok
DYto_2E2Jet_chunk175.root,OK,ok
DYto_2E2Jet_chunk176.root,OK,ok
DYto_2E2Jet_chunk177.root,OK,ok
DYto_2E2Jet_chunk178.root,OK,ok
DYto_2E2Jet_chunk179.root,OK,ok
DYto_2E2Jet_chunk180.root,OK,ok
DYto_2E2Jet_chunk181.root,OK,ok
DYto_2E2Jet_chunk182.root,OK,ok
DYto_2E2Jet_chunk183.root,OK,ok
DYto_2E2Jet_chunk184.root,OK,ok
DYto_2E2Jet_chunk185.root,OK,ok
DYto_2E2Jet_chunk186.root,OK,ok
DYto_2E2Jet_chunk187.root,OK,ok
DYto_2E2Jet_chunk188.root,OK,ok
DYto_2E2Jet_chunk189.root,OK,ok
DYto_2E2Jet_chunk190.root,OK,ok
DYto_2E2Jet_chunk191.root,OK,ok
DYto_2E2Jet_chunk192.root,OK,ok
DYto_2E2Jet_chunk193.root,OK,ok
DYto_2E2Jet_chunk194.root,OK,ok
DYto_2E2Jet_chunk195.root,OK,ok
DYto_2E2Jet_chunk196.root,OK,ok
DYto_2E2Jet_chunk197.root,OK,ok
DYto_2E2Jet_chunk198.root,OK,ok
DYto_2E2Jet_chunk199.root,OK,ok
DYto_2Tau2Jet_chunk0.root,OK,ok
DYto_2Tau2Jet_chunk1.root,OK,ok
DYto_2Tau2Jet_chunk2.root,OK,ok
DYto_2Tau2Jet_chunk3.root,OK,ok
DYto_2Tau2Jet_chunk4.root,OK,ok
DYto_2Tau2Jet_chunk5.root,OK,ok
DYto_2Tau2Jet_chunk6.root,OK,ok
DYto_2Tau2Jet_chunk7.root,OK,ok
DYto_2Tau2Jet_chunk8.root,OK,ok
DYto_2Tau2Jet_chunk9.root,OK,ok
DYto_2Tau2Jet_chunk10.root,OK,ok
DYto_2Tau2Jet_chunk11.root,OK,ok
DYto_2Tau2Jet_chunk12.root,OK,ok
DYto_2Tau2Jet_chunk13.root,OK,ok
DYto_2Tau2Jet_chunk14.root,OK,ok
DYto_2Tau2Jet_chunk15.root,OK,ok
DYto_2Tau2Jet_chunk16.root,OK,ok
DYto_2Tau2Jet_chunk17.root,OK,ok
DYto_2Tau2Jet_chunk18.root,OK,ok
DYto_2Tau2Jet_chunk19.root,OK,ok
DYto_2Tau2Jet_chunk20.root,OK,ok
DYto_2Tau2Jet_chunk21.root,OK,ok
DYto_2Tau2Jet_chunk22.root,OK,ok
DYto_2Tau2Jet_chunk23.root,OK,ok
DYto_2Tau2Jet_chunk24.root,OK,ok
DYto_2Tau2Jet_chunk25.root,OK,ok
DYto_2Tau2Jet_chunk26.root,OK,ok
DYto_2Tau2Jet_chunk27.root,OK,ok
DYto_2Tau2Jet_chunk28.root,OK,ok
DYto_2Tau2Jet_chunk29.root,OK,ok
DYto_2Tau2Jet_chunk30.root,OK,ok
DYto_2Tau2Jet_chunk31.root,OK,ok
DYto_2Tau2Jet_chunk32.root,OK,ok
DYto_2Tau2Jet_chunk33.root,OK,ok
DYto_2Tau2Jet_chunk34.root,OK,ok
DYto_2Tau2Jet_chunk35.root,OK,ok
DYto_2Tau2Jet_chunk36.root,OK,ok
DYto_2Tau2Jet_chunk37.root,OK,ok
DYto_2Tau2Jet_chunk38.root,OK,ok
DYto_2Tau2Jet_chunk39.root,OK,ok
DYto_2Tau2Jet_chunk40.root,OK,ok
DYto_2Tau2Jet_chunk41.root,OK,ok
DYto_2Tau2Jet_chunk42.root,OK,ok
DYto_2Tau2Jet_chunk43.root,OK,ok
DYto_2Tau2Jet_chunk44.root,OK,ok
DYto_2Tau2Jet_chunk45.root,OK,ok
DYto_2Tau2Jet_chunk46.root,OK,ok
DYto_2Tau2Jet_chunk47.root,OK,ok
DYto_2Tau2Jet_chunk48.root,OK,ok
DYto_2Tau2Jet_chunk49.root,OK,ok
DYto_2Tau2Jet_chunk50.root,OK,ok
DYto_2Tau2Jet_chunk51.root,OK,ok
DYto_2Tau2Jet_chunk52.root,OK,ok
DYto_2Tau2Jet_chunk53.root,OK,ok
DYto_2Tau2Jet_chunk54.root,OK,ok
DYto_2Tau2Jet_chunk55.root,OK,ok
DYto_2Tau2Jet_chunk56.root,OK,ok
DYto_2Tau2Jet_chunk57.root,OK,ok
DYto_2Tau2Jet_chunk58.root,OK,ok
DYto_2Tau2Jet_chunk59.root,OK,ok
DYto_2Tau2Jet_chunk60.root,OK,ok
DYto_2Tau2Jet_chunk61.root,OK,ok
DYto_2Tau2Jet_chunk62.root,OK,ok
DYto_2Tau2Jet_chunk63.root,OK,ok
DYto_2Tau2Jet_chunk64.root,OK,ok
DYto_2Tau2Jet_chunk65.root,OK,ok
DYto_2Tau2Jet_chunk66.root,OK,ok
DYto_2Tau2Jet_chunk67.root,OK,ok
DYto_2Tau2Jet_chunk68.root,OK,ok
DYto_2Tau2Jet_chunk69.root,OK,ok
DYto_2Tau2Jet_chunk70.root,OK,ok
DYto_2Tau2Jet_chunk71.root,OK,ok
DYto_2Tau2Jet_chunk72.root,OK,ok
DYto_2Tau2Jet_chunk73.root,OK,ok
DYto_2Tau2Jet_chunk74.root,OK,ok
DYto_2Tau2Jet_chunk75.root,OK,ok
DYto_2Tau2Jet_chunk76.root,OK,ok
DYto_2Tau2Jet_chunk77.root,OK,ok
DYto_2Tau2Jet_chunk78.root,OK,ok
DYto_2Tau2Jet_chunk79.root,OK,ok
DYto_2Tau2Jet_chunk80.root,OK,ok
DYto_2Tau2Jet_chunk81.root,OK,ok
DYto_2Tau2Jet_chunk82.root,OK,ok
DYto_2Tau2Jet_chunk83.root,OK,ok
DYto_2Tau2Jet_chunk84.root,OK,ok
DYto_2Tau2Jet_chunk85.root,OK,ok
DYto_2Tau2Jet_chunk86.root,OK,ok
DYto_2Tau2Jet_chunk87.root,OK,ok
DYto_2Tau2Jet_chunk88.root,OK,ok
DYto_2Tau2Jet_chunk89.root,OK,ok
DYto_2Tau2Jet_chunk90.root,OK,ok
DYto_2Tau2Jet_chunk91.root,OK,ok
DYto_2Tau2Jet_chunk92.root,OK,ok
DYto_2Tau2Jet_chunk93.root,OK,ok
DYto_2Tau2Jet_chunk94.root,OK,ok
DYto_2Tau2Jet_chunk95.root,OK,ok
DYto_2Tau2Jet_chunk96.root,OK,ok
DYto_2Tau2Jet_chunk97.root,OK,ok
DYto_2Tau2Jet_chunk98.root,OK,ok
DYto_2Tau2Jet_chunk99.root,OK,ok
DYto_2Tau2Jet_chunk100.root,OK,ok
DYto_2Tau2Jet_chunk101.root,OK,ok
DYto_2Tau2Jet_chunk102.root,OK,ok
DYto_2Tau2Jet_chunk103.root,OK,ok
DYto_2Tau2Jet_chunk104.root,OK,ok
DYto_2Tau2Jet_chunk105.root,OK,ok
DYto_2Tau2Jet_chunk106.root,OK,ok
DYto_2Tau2Jet_chunk107.root,OK,ok
DYto_2Tau2Jet_chunk108.root,OK,ok
DYto_2Tau2Jet_chunk109.root,OK,ok
DYto_2Tau2Jet_chunk110.root,OK,ok
DYto_2Tau2Jet_chunk111.root,OK,ok
DYto_2Tau2Jet_chunk112.root,OK,ok
DYto_2Tau2Jet_chunk113.root,OK,ok
DYto_2Tau2Jet_chunk114.root,OK,ok
DYto_2Tau2Jet_chunk115.root,OK,ok
DYto_2Tau2Jet_chunk116.root,OK,ok
DYto_2Tau2Jet_chunk117.root,OK,ok
DYto_2Tau2Jet_chunk118.root,OK,ok
DYto_2Tau2Jet_chunk119.root,OK,ok
DYto_2Tau2Jet_chunk120.root,OK,ok
DYto_2Tau2Jet_chunk121.root,OK,ok
DYto_2Tau2Jet_chunk122.root,OK,ok
EGamma0_Era_H_Run24_chunk0.root,OK,ok
EGamma0_Era_H_Run24_chunk1.root,OK,ok
EGamma0_Era_H_Run24_chunk2.root,OK,ok
EGamma0_Era_H_Run24_chunk3.root,OK,ok
EGamma0_Era_H_Run24_chunk4.root,OK,ok
EGamma0_Era_H_Run24_chunk5.root,OK,ok
EGamma0_Era_H_Run24_chunk6.root,OK,ok
EGamma0_Era_H_Run24_chunk7.root,OK,ok
EGamma0_Era_H_Run24_chunk8.root,OK,ok
EGamma0_Era_H_Run24_chunk9.root,OK,ok
EGamma1_Era_H_Run24_chunk0.root,OK,ok
EGamma1_Era_H_Run24_chunk1.root,OK,ok
EGamma1_Era_H_Run24_chunk2.root,OK,ok
EGamma1_Era_H_Run24_chunk3.root,OK,ok
EGamma1_Era_H_Run24_chunk4.root,OK,ok
EGamma1_Era_H_Run24_chunk5.root,OK,ok
EGamma1_Era_H_Run24_chunk6.root,OK,ok
EGamma1_Era_H_Run24_chunk7.root,OK,ok
EGamma1_Era_H_Run24_chunk8.root,OK,ok
EGamma1_Era_H_Run24_chunk9.root,OK,ok
EGamma1_Era_H_Run24_chunk10.root,OK,ok
EGamma1_Era_H_Run24_chunk11.root,OK,ok
EGamma1_Era_H_Run24_chunk12.root,OK,ok
Muon0_Era_H_Run24_chunk0.root,OK,ok
Muon0_Era_H_Run24_chunk1.root,OK,ok
Muon0_Era_H_Run24_chunk2.root,OK,ok
Muon0_Era_H_Run24_chunk3.root,OK,ok
Muon0_Era_H_Run24_chunk4.root,OK,ok
Muon0_Era_H_Run24_chunk5.root,OK,ok
Muon0_Era_H_Run24_chunk6.root,OK,ok
Muon0_Era_H_Run24_chunk7.root,OK,ok
Muon0_Era_H_Run24_chunk8.root,OK,ok
Muon0_Era_H_Run24_chunk9.root,OK,ok
Muon0_Era_H_Run24_chunk10.root,OK,ok
Muon1_Era_H_Run24_chunk0.root,OK,ok
Muon1_Era_H_Run24_chunk1.root,OK,ok
Muon1_Era_H_Run24_chunk2.root,OK,ok
Muon1_Era_H_Run24_chunk3.root,OK,ok
Muon1_Era_H_Run24_chunk4.root,OK,ok
Muon1_Era_H_Run24_chunk5.root,OK,ok
Muon1_Era_H_Run24_chunk6.root,OK,ok
MuonEG_Era_H_Run24_chunk0.root,OK,ok
MuonEG_Era_H_Run24_chunk1.root,OK,ok
